id,depress,screen_name,name,province,city,location,description,url,profile_image_url,domain,gender,followers_count,friends_count,statuses_count,favourites_count,created_at,allow_all_act_msg,geo_enabled,verified,allow_all_comment,avatar_large,verified_reason,bi_followers_count,update_time,last_statuse_time,verified_type
1258519502,0.71564352,醉小爱,醉小爱,44,3,广东 深圳,生活比雀斑更真实,http://blog.sina.com.cn/zuiai821,http://tp3.sinaimg.cn/1258519502/50/5627224812/0,zuixiaoai,f,169,104,1253,0,2010-09-13 16:14:37,0,1,0,0,http://tp3.sinaimg.cn/1258519502/180/5627224812/0,,48,2012-07-25 10:03:18,0001-01-01 00:00:00,-1
1399713404,0.8108459,gorv,gorv,11,8,北京 海淀区,,,http://tp1.sinaimg.cn/1399713404/50/5624673920/1,,m,15,72,35,0,2010-03-01 00:17:53,0,1,0,1,http://tp1.sinaimg.cn/1399713404/180/5624673920/1,,8,2012-07-18 19:15:09,0001-01-01 00:00:00,-1
1651274537,0.54806505,芊梦雪,芊梦雪,100,1000,其他,如果可以，随着心走,http://blog.sina.com.cn/u/1645251991,http://tp2.sinaimg.cn/1651274537/50/39997240071/0,haeey789,f,2574,96,23317,4435,2009-10-03 17:45:55,0,1,0,0,http://tp2.sinaimg.cn/1651274537/180/39997240071/0,,46,2012-07-25 10:03:18,0001-01-01 00:00:00,220
1661190780,0.90794304,Hibiscus_R,Hibiscus_R,42,1,湖北 武汉,生命原来是一场无法回放的绝版电影,,http://tp1.sinaimg.cn/1661190780/50/5635919496/0,hibiscus,f,137,126,535,6,2009-11-15 20:21:14,0,1,1,0,http://tp1.sinaimg.cn/1661190780/180/5635919496/0,景怡控制工程(武汉)有限公司行政助理,43,2012-07-18 19:16:46,0001-01-01 00:00:00,0
1727821537,0.70012225,不过-去看海,不过-去看海,23,2,黑龙江 齐齐哈尔,,http://blog.sina.com.cn/APTX4869,http://tp2.sinaimg.cn/1727821537/50/5637105916/0,,f,15,29,134,8,2010-10-23 18:33:58,1,1,0,1,http://tp2.sinaimg.cn/1727821537/180/5637105916/0,,4,2012-07-18 19:15:07,0001-01-01 00:00:00,-1
1742731244,0.54540083,汕头人民番薯大大个,汕头人民番薯大大个,44,1000,广东,,,http://tp1.sinaimg.cn/1742731244/50/5634740218/0,,f,401,103,2696,2300,2010-05-16 22:11:21,0,1,0,1,http://tp1.sinaimg.cn/1742731244/180/5634740218/0,,24,2012-07-18 19:15:07,0001-01-01 00:00:00,-1
1744950895,0.47869516,目睹了整个事件的张美丽,目睹了整个事件的张美丽,44,17,广东 阳江,Llinkin Park狂热粉，爱Eason，爱NBA，爱电影，爱欧美金曲，理想型是Jacob，想太多星人,,http://tp4.sinaimg.cn/1744950895/50/39997325089/0,zlgcwmm,f,145,258,818,70,2010-05-21 20:44:04,0,1,0,1,http://tp4.sinaimg.cn/1744950895/180/39997325089/0,,110,2012-07-25 10:03:23,0001-01-01 00:00:00,-1
1774123543,0.03247629,文艺de蛋蛋,文艺de蛋蛋,44,8,广东 湛江,大象无形一中人,http://blog.sina.com.cn/u/1774123543,http://tp4.sinaimg.cn/1774123543/50/5634656349/1,,m,523,291,2161,6,2010-07-13 11:27:54,0,1,0,1,http://tp4.sinaimg.cn/1774123543/180/5634656349/1,,154,2012-07-25 10:03:23,0001-01-01 00:00:00,220
1808437157,0.41518237,小馄饨最爱还是杉田,小馄饨最爱还是杉田,31,1000,上海,一定要让自己变得更强大，然后勇敢的站在你面前。,,http://tp2.sinaimg.cn/1808437157/50/39997146328/0,,f,198,183,456,57,2010-09-02 14:59:53,1,1,0,1,http://tp2.sinaimg.cn/1808437157/180/39997146328/0,,95,2012-07-18 19:15:54,0001-01-01 00:00:00,-1
1809014932,0.5358546,Jade-ruan,Jade-ruan,44,20,广东 中山,"I'm good, but I can be better",http://blog.sina.com.cn/jaderuan,http://tp1.sinaimg.cn/1809014932/50/5634817332/0,,f,451,323,3375,225,2010-09-09 18:01:40,0,1,0,1,http://tp1.sinaimg.cn/1809014932/180/5634817332/0,,118,2012-07-25 10:03:23,0001-01-01 00:00:00,220
1809578502,0.73535899,Rene5230,Rene5230,33,2,浙江 宁波,轻熟女一枚 ~@^_^@~ 我捧着一颗心来，希望你会带回去。。。,,http://tp3.sinaimg.cn/1809578502/50/5633333279/0,rene5230,f,310,268,3438,317,2010-09-10 14:20:38,0,1,0,1,http://tp3.sinaimg.cn/1809578502/180/5633333279/0,,95,2012-07-18 19:15:09,0001-01-01 00:00:00,220
1810274080,0.42187975,校长MR-周,校长MR-周,44,1,广东 广州,出售电脑配置 维修,http://blog.sina.com.cn/hfxiaofaa,http://tp1.sinaimg.cn/1810274080/50/5626707143/1,hfxiaofaa,m,542,365,4185,9,2010-09-11 07:39:59,1,1,0,1,http://tp1.sinaimg.cn/1810274080/180/5626707143/1,,268,2012-07-18 19:15:09,0001-01-01 00:00:00,220
1810408335,0.47681018,我唔识费比加斯,我唔识费比加斯,44,1,广东 广州,“就像蒂蒂之前说过的那样，我们的血液里已经有了阿森纳基因，这种烙印是我们这辈子也抹不掉的。”,http://blog.sina.com.cn/ashleyhung,http://tp4.sinaimg.cn/1810408335/50/5612615931/1,ashley3,m,579,228,3115,89,2010-09-04 01:29:37,0,1,0,1,http://tp4.sinaimg.cn/1810408335/180/5612615931/1,,217,2012-07-18 19:15:09,0001-01-01 00:00:00,220
1810899265,0.64180467,旭日迎朝阳,旭日迎朝阳,11,5,北京 朝阳区,关注一下又不会怀孕！,http://blog.sina.com.cn/u/1810899265,http://tp2.sinaimg.cn/1810899265/50/5621040972/1,,m,776,431,2988,52,2010-09-04 13:23:38,1,1,0,1,http://tp2.sinaimg.cn/1810899265/180/5621040972/1,,255,2012-07-18 19:15:09,0001-01-01 00:00:00,220
1812618912,0.47839106,你好-MiSs卡卡,你好-MiSs卡卡,31,10,上海 杨浦区,,,http://tp1.sinaimg.cn/1812618912/50/5632364825/0,skyfan529,f,273,170,2668,4,2010-09-12 16:20:15,1,1,0,1,http://tp1.sinaimg.cn/1812618912/180/5632364825/0,,57,2012-07-18 19:15:08,0001-01-01 00:00:00,220
1812689070,0.69950054,冯创业,冯创业,33,1,浙江 杭州,珍惜......,,http://tp3.sinaimg.cn/1812689070/50/5608648091/1,fengchuangye,m,790,278,2154,0,2010-09-12 19:14:03,1,1,0,1,http://tp3.sinaimg.cn/1812689070/180/5608648091/1,,122,2012-07-18 19:15:09,0001-01-01 00:00:00,220
1812712110,0.18620963,易胜堂,易胜堂,32,2,江苏 无锡,关注细节，从细节处做事！,http://blog.sina.com.cn/wuxiyst,http://tp3.sinaimg.cn/1812712110/50/5625698428/1,,m,114,7,2549,0,2010-09-12 19:59:38,0,1,0,1,http://tp3.sinaimg.cn/1812712110/180/5625698428/1,,2,2012-07-18 19:15:09,0001-01-01 00:00:00,-1
1812781412,0.42488779,亲哇,亲哇,51,1,四川 成都,谁知相思幽怨深，碎花飘散惹人怜,,http://tp1.sinaimg.cn/1812781412/50/5635089814/0,sh9010,f,272,133,2092,7,2010-09-12 21:52:51,0,1,0,1,http://tp1.sinaimg.cn/1812781412/180/5635089814/0,,43,2012-07-18 19:15:09,0001-01-01 00:00:00,200
1814074795,0.28129595,CY陈瑜-二代目,CY陈瑜-二代目,44,1000,广东,,,http://tp4.sinaimg.cn/1814074795/50/5631468155/1,,m,403,215,2083,120,2010-09-07 18:42:12,0,1,0,1,http://tp4.sinaimg.cn/1814074795/180/5631468155/1,,115,2012-07-18 19:15:09,0001-01-01 00:00:00,220
1815091843,0.63533235,哲学家多啦Z梦,哲学家多啦Z梦,32,11,江苏 镇江,A lightgirl、热血青年、爱情动物、爱好繁多...缺点：懒,http://blog.sina.com.cn/isadora422,http://tp4.sinaimg.cn/1815091843/50/1283934091/0,doraemon422,f,250,127,4207,4,2010-09-08 16:12:59,0,1,0,1,http://tp4.sinaimg.cn/1815091843/180/1283934091/0,,14,2012-07-18 19:15:08,0001-01-01 00:00:00,-1
1815123153,0.54672841,Z爱彩,Z爱彩,35,2,福建 厦门,阿旺。,,http://tp2.sinaimg.cn/1815123153/50/5634627797/0,,f,461,204,2193,628,2010-09-08 17:03:32,1,1,0,1,http://tp2.sinaimg.cn/1815123153/180/5634627797/0,,145,2012-07-18 19:15:09,0001-01-01 00:00:00,220
1815993997,0.8363559,舒克和贝塔奥特曼和小怪兽,舒克和贝塔奥特曼和小怪兽,400,16,海外 其他,don't be in such a hurry,,http://tp2.sinaimg.cn/1815993997/50/5630081072/1,,m,410,722,3277,27,2010-09-09 15:05:39,1,1,0,1,http://tp2.sinaimg.cn/1815993997/180/5630081072/1,,40,2012-07-18 19:15:09,0001-01-01 00:00:00,-1
1818396927,0.49393152,Tina是个粉色控,Tina是个粉色控,44,3,广东 深圳,毕业了...总算毕业了...,,http://tp4.sinaimg.cn/1818396927/50/1295582384/0,magicaltina,f,444,149,2039,326,2010-09-11 15:33:04,1,0,0,0,http://tp4.sinaimg.cn/1818396927/180/1295582384/0,,97,2012-07-18 19:15:08,0001-01-01 00:00:00,220
1819749180,0.29649754,Feel-Feel-Future,Feel-Feel-Future,35,2,福建 厦门,没有一个理由，活得那么复杂，有了“你”什么都不差～,,http://tp1.sinaimg.cn/1819749180/50/1298615786/1,billywb,m,429,107,2300,141,2010-09-16 23:39:57,0,1,0,0,http://tp1.sinaimg.cn/1819749180/180/1298615786/1,,74,2012-07-18 19:15:09,0001-01-01 00:00:00,220
1819770477,0.4238223,Y吖Y雅,Y吖Y雅,44,1,广东 广州,一起去旅行,,http://tp2.sinaimg.cn/1819770477/50/5600484868/0,,f,410,768,2964,1133,2010-09-14 17:33:46,0,1,0,1,http://tp2.sinaimg.cn/1819770477/180/5600484868/0,,112,2012-07-18 19:15:08,0001-01-01 00:00:00,220
1820666323,0.29242979,帅帅帅帅的帅帅,帅帅帅帅的帅帅,11,5,北京 朝阳区,奔跑在太阳升起之前,,http://tp4.sinaimg.cn/1820666323/50/5627089515/0,,f,232,444,1524,76,2011-03-08 09:19:53,1,1,0,1,http://tp4.sinaimg.cn/1820666323/180/5627089515/0,,126,2012-07-18 19:15:08,0001-01-01 00:00:00,220
1820775630,0.90414484,呆不呆_我会告诉你我不开心么,呆不呆_我会告诉你我不开心么,51,1,四川 成都,顺生而行，不沉迷过去，不狂热地期待着未来，生命这样就好。,,http://tp3.sinaimg.cn/1820775630/50/39996344569/0,onlytvxqforeverfive,f,219,279,1770,153,2010-09-17 19:19:17,1,1,0,1,http://tp3.sinaimg.cn/1820775630/180/39996344569/0,,56,2012-07-18 19:15:08,0001-01-01 00:00:00,200
1820897367,0.84424444,High--boy-SingNSONG,High--boy-SingNSONG,100,1000,其他,在这里，我不是自己，而又更是自己了。,,http://tp4.sinaimg.cn/1820897367/50/5623380238/1,,m,401,165,4047,906,2010-09-18 08:34:56,0,1,0,1,http://tp4.sinaimg.cn/1820897367/180/5623380238/1,,46,2012-07-18 19:15:08,0001-01-01 00:00:00,220
1821178435,0.79392901,林宇航的朋友说Mr蒙值得嫁,林宇航的朋友说Mr蒙值得嫁,45,1,广西 南宁,喜欢现在的一切，包括困难与灾难，有你在我什么都不怕。,,http://tp4.sinaimg.cn/1821178435/50/5633149017/0,,f,761,156,2745,4,2010-11-20 16:44:56,0,1,0,1,http://tp4.sinaimg.cn/1821178435/180/5633149017/0,,82,2012-07-18 19:15:08,0001-01-01 00:00:00,220
1821836610,0.90453901,Sylvie_超人,Sylvie_超人,46,2,海南 三亚,宁静致远 淡泊名志。,http://ginavis.blog.163.com/,http://tp3.sinaimg.cn/1821836610/50/5635422712/0,sylvieyoyo,f,753,399,1666,530,2010-09-19 00:29:49,0,1,0,1,http://tp3.sinaimg.cn/1821836610/180/5635422712/0,,236,2012-07-18 19:15:08,0001-01-01 00:00:00,220
1822939120,0.4913035,Stand-U-P,Stand-U-P,15,4,内蒙古 赤峰,纵然世间再美，也不及你们倾城一笑。,,http://tp1.sinaimg.cn/1822939120/50/5625908721/0,,f,339,84,3287,1,2010-09-19 23:17:15,0,1,0,1,http://tp1.sinaimg.cn/1822939120/180/5625908721/0,,8,2012-07-18 19:15:08,0001-01-01 00:00:00,-1
1824044231,0.54481038,NEUP_破孩,NEUP_破孩,21,1,辽宁 沈阳,,,http://tp4.sinaimg.cn/1824044231/50/5631111347/1,wsw1990,m,468,205,14,4,2010-09-26 22:40:28,0,0,0,0,http://tp4.sinaimg.cn/1824044231/180/5631111347/1,,164,2012-07-18 19:15:09,0001-01-01 00:00:00,-1
1824124997,0.15951532,高璐璐_LuLu,高璐璐_LuLu,31,15,上海 浦东新区,,,http://tp2.sinaimg.cn/1824124997/50/22816287860/0,xiaolulu0704,f,1539,130,2142,13,2010-09-27 10:05:27,1,1,1,1,http://tp2.sinaimg.cn/1824124997/180/22816287860/0,上海契石投资咨询有限公司  客户经理  高璐璐,65,2012-07-18 19:15:09,0001-01-01 00:00:00,0
1826159410,0.42378113,Ben_斌少,Ben_斌少,44,6,广东 佛山,Monday乐队闲杂人员，键盘手。一首歌一个故事。,,http://tp3.sinaimg.cn/1826159410/50/5629726204/1,dickylam1984,m,518,336,2223,51,2010-09-22 23:24:06,0,1,1,1,http://tp3.sinaimg.cn/1826159410/180/5629726204/1,佛山Monday乐队键盘手兼主唱林燮斌,126,2012-07-18 19:15:09,0001-01-01 00:00:00,0
1826346534,0.81337641,叫Mr_Stan可以吗,叫Mr_Stan可以吗,33,2,浙江 宁波,现实最残酷的现实就是我们不得不面对现实,http://blog.sina.com.cn/u/1826346534,http://tp3.sinaimg.cn/1826346534/50/5630410189/1,dhf1826346534,m,506,10,168,11,2010-09-23 10:04:55,0,1,0,1,http://tp3.sinaimg.cn/1826346534/180/5630410189/1,,3,2012-07-18 19:15:09,0001-01-01 00:00:00,200
1827307280,0.28546049,可爱多0124,可爱多0124,35,6,福建 漳州,双重性格的瓶子……,http://blog.sina.com.cn/u/1827307280,http://tp1.sinaimg.cn/1827307280/50/5623037973/0,,f,277,237,2407,22,2010-09-24 14:52:13,0,1,0,1,http://tp1.sinaimg.cn/1827307280/180/5623037973/0,,91,2012-07-25 10:03:23,0001-01-01 00:00:00,220
1827468694,0.53464923,hyy2cx,hyy2cx,44,19,广东 东莞,陈翔。?.Chrissienana女神 天蝎座.,http://blog.163.com/lov_e_u/,http://tp3.sinaimg.cn/1827468694/50/39996162472/0,,f,537,238,4058,322,2010-09-24 21:05:01,0,1,0,1,http://tp3.sinaimg.cn/1827468694/180/39996162472/0,,149,2012-07-18 19:15:09,0001-01-01 00:00:00,220
1827952237,0.54948812,卿舒27,卿舒27,23,9,黑龙江 七台河,粲若群星，群星护群！心随卿动，有始无终！！我爱QQ组合！！！,http://blog.sina.com.cn/zqdq1314,http://tp2.sinaimg.cn/1827952237/50/1290855154/0,zqdq,f,330,303,1852,0,2010-10-10 10:16:23,0,1,0,1,http://tp2.sinaimg.cn/1827952237/180/1290855154/0,,281,2012-07-25 10:03:23,0001-01-01 00:00:00,220
1828001770,0.79067138,摩天纶-娜,摩天纶-娜,53,25,云南 红河,摩天纶，为你旋转不停 我们要一起坐摩天轮,,http://tp3.sinaimg.cn/1828001770/50/1285487813/0,,f,294,267,2833,78,2010-09-25 10:44:07,1,0,0,1,http://tp3.sinaimg.cn/1828001770/180/1285487813/0,,63,2012-07-25 10:03:23,0001-01-01 00:00:00,220
1828406944,0.04107216,愉愛一人成團,愉愛一人成團,32,1,江苏 南京,,,http://tp1.sinaimg.cn/1828406944/50/39996852561/0,,f,495,210,4484,193,2010-09-25 18:35:14,0,1,0,0,http://tp1.sinaimg.cn/1828406944/180/39996852561/0,,17,2012-07-18 19:15:09,0001-01-01 00:00:00,-1
1828923355,0.7352862,黄珂就是我,黄珂就是我,43,1,湖南 长沙,一个想减肥但看到美食会受不了的小胖子~~~,http://blog.sina.com.cn/520zhangyao,http://tp4.sinaimg.cn/1828923355/50/5600003745/0,coco729,f,571,405,2572,122,2010-10-12 13:20:08,0,1,0,1,http://tp4.sinaimg.cn/1828923355/180/5600003745/0,,88,2012-07-18 19:15:09,0001-01-01 00:00:00,220
1828977471,0.04335477,NaDix是个小太阳,NaDix是个小太阳,11,14,北京 昌平区,我就是这个我！你们想爱的就爱吧，想恨的，随他去吧！,http://t.sina.com.cn/princessnadix,http://tp4.sinaimg.cn/1828977471/50/5636880467/0,princessnadix,f,831,272,3463,3,2010-10-12 15:22:05,0,1,0,1,http://tp4.sinaimg.cn/1828977471/180/5636880467/0,,232,2012-07-18 19:15:09,0001-01-01 00:00:00,220
1829369214,0.03753985,琳琳有个涛宝宝,琳琳有个涛宝宝,42,1,湖北 武汉,对完美起疑，对不完美深信不疑~,,http://tp3.sinaimg.cn/1829369214/50/5632617310/0,phoebe50,f,498,294,2472,0,2010-11-12 16:34:10,0,0,0,0,http://tp3.sinaimg.cn/1829369214/180/5632617310/0,,166,2012-07-18 19:15:09,0001-01-01 00:00:00,220
1830047930,0.03737554,钧大调之伊芙罗兰,钧大调之伊芙罗兰,31,7,上海 普陀区,相思雨中齐……明媚在朝朝,http://blog.sina.com.cn/yuyujjuu,http://tp3.sinaimg.cn/1830047930/50/5618971042/1,,m,371,309,1961,17,2010-09-26 23:23:15,0,1,0,0,http://tp3.sinaimg.cn/1830047930/180/5618971042/1,,140,2012-07-18 19:15:09,0001-01-01 00:00:00,220
1830475543,0.48930909,屌丝具要逆袭,屌丝具要逆袭,44,1,广东 广州,"hold 住个状态先!______我系吴飓!有空多交流,我最喜欢聊天了!",,http://tp4.sinaimg.cn/1830475543/50/5631152351/1,snowbeer518,m,377,171,2149,0,2010-10-17 18:44:30,0,1,0,1,http://tp4.sinaimg.cn/1830475543/180/5631152351/1,,92,2012-07-25 10:03:23,0001-01-01 00:00:00,220
1831597094,0.71518711,任曉君TA爹娴子,任曉君TA爹娴子,44,1,广东 广州,无数次的擦肩而过 只为最后的刻骨铭心,,http://tp3.sinaimg.cn/1831597094/50/5622722598/0,,f,392,274,1786,208,2010-09-27 19:09:37,0,1,0,1,http://tp3.sinaimg.cn/1831597094/180/5622722598/0,,156,2012-07-18 19:15:09,0001-01-01 00:00:00,220
1831913162,0.53422173,李林梦雨,李林梦雨,42,5,湖北 宜昌,我要做好抓住机会的充分准备。,,http://tp3.sinaimg.cn/1831913162/50/5633408411/0,,f,835,499,3776,1740,2010-09-27 20:31:31,0,1,0,0,http://tp3.sinaimg.cn/1831913162/180/5633408411/0,,236,2012-07-25 10:03:23,0001-01-01 00:00:00,220
1831940487,0.18321591,NEMO-----,NEMO-----,12,6,天津 红桥区,简简单单 ~~~ 爱生活 !!!!,,http://tp4.sinaimg.cn/1831940487/50/5606118025/1,tjwangzhe,m,233,653,1706,78,2010-10-17 12:29:05,0,1,0,1,http://tp4.sinaimg.cn/1831940487/180/5606118025/1,,44,2012-07-18 19:15:09,0001-01-01 00:00:00,-1
1834729152,0.53442209,Cancer帥帥,Cancer帥帥,34,16,安徽 亳州,典型巨蟹座男生。。。,http://blog.sina.com.cn/bozhouwushuai,http://tp1.sinaimg.cn/1834729152/50/5632734138/1,bzwushuai,m,706,304,1102,13,2010-09-29 13:50:50,1,1,0,1,http://tp1.sinaimg.cn/1834729152/180/5632734138/1,,95,2012-07-18 19:15:16,0001-01-01 00:00:00,220
1844140737,0.27688664,米粉炒豆芽,米粉炒豆芽,35,6,福建 漳州,好男人就是我！！我就是～^ω^米粉炒豆芽！！！,,http://tp2.sinaimg.cn/1844140737/50/5616823649/1,,m,178,588,223,4,2010-11-02 00:12:34,1,0,0,1,http://tp2.sinaimg.cn/1844140737/180/5616823649/1,,106,2012-07-25 10:03:23,0001-01-01 00:00:00,-1
1848694671,0.42503399,臭鱼贴贴,臭鱼贴贴,400,15,海外 日本,不是我的我不要,http://blog.sina.com.cn/chouyutietie3,http://tp4.sinaimg.cn/1848694671/50/5634630700/0,chouyutietie,f,451,276,3236,53,2010-11-05 19:17:14,1,0,0,1,http://tp4.sinaimg.cn/1848694671/180/5634630700/0,,119,2012-07-25 10:03:23,0001-01-01 00:00:00,220
1862485660,0.49626738,此货-目空一切,此货-目空一切,33,2,浙江 宁波,如果你会梦见我， 请你再抱紧我。,http://blog.sina.com.cn/bvgfr,http://tp1.sinaimg.cn/1862485660/50/5635123279/1,bvgfr,m,377,22,576,0,2010-10-26 17:23:10,0,1,0,1,http://tp1.sinaimg.cn/1862485660/180/5635123279/1,,22,2012-07-25 10:03:23,0001-01-01 00:00:00,200
1867041083,0.41138033,橘梦林,橘梦林,31,1000,上海,林志颖；w-inds，橘庆太视为终极目标！　私はいったい誰が好きなの。,,http://tp4.sinaimg.cn/1867041083/50/5635416522/0,,f,46,53,446,2,2010-11-19 10:14:51,0,1,0,1,http://tp4.sinaimg.cn/1867041083/180/5635416522/0,,45,2012-07-25 10:03:23,0001-01-01 00:00:00,-1
1872066215,0.48037007,YoSoyAntonio,YoSoyAntonio,44,19,广东 东莞,我不知道彼此可以维系多久。但我希望，是没有尽头。,http://jimoweilin.hua.blog.163.com/profile/,http://tp4.sinaimg.cn/1872066215/50/39996350600/1,loveshenghua,m,239,130,1330,5,2010-11-24 01:19:13,0,1,0,1,http://tp4.sinaimg.cn/1872066215/180/39996350600/1,,119,2012-07-18 19:17:22,0001-01-01 00:00:00,220
1877026625,0.47779576,聖火V光,聖火V光,44,19,广东 东莞,纯种一个微博控,http://blog.sina.com.cn/longyandance,http://tp2.sinaimg.cn/1877026625/50/5623663838/1,linminghui,m,516,490,3247,4,2010-11-28 19:05:58,1,1,0,1,http://tp2.sinaimg.cn/1877026625/180/5623663838/1,,170,2012-07-25 10:03:23,0001-01-01 00:00:00,-1
1901320757,0.18719975,丰子8661,丰子8661,11,8,北京 海淀区,,,http://tp2.sinaimg.cn/1901320757/50/5624415577/1,,m,27,35,3,0,2011-03-23 11:11:24,0,1,0,1,http://tp2.sinaimg.cn/1901320757/180/5624415577/1,,14,2012-07-18 19:15:08,0001-01-01 00:00:00,-1
1909687995,0.4894869,狸宝的童话世界,狸宝的童话世界,33,1,浙江 杭州,狸宝是一只红色小狐狸，有点迷糊，又有点认真，偶然有不切实际的小想法。狸宝独自踏上征途，一个人去了解世界，寻找生命爱情的真谛，，,http://blog.sina.com.cn/sunny19821224,http://tp4.sinaimg.cn/1909687995/50/5636203310/0,,f,495,332,9186,104,2011-01-02 16:05:35,0,0,0,1,http://tp4.sinaimg.cn/1909687995/180/5636203310/0,,109,2012-07-18 19:15:09,0001-01-01 00:00:00,220
1922636115,0.71397801,梦觉寂定子,梦觉寂定子,44,1,广东 广州,密行三大阿僧祗，实修无上独尊通。,http://987249945.qzone.qq.com,http://tp4.sinaimg.cn/1922636115/50/22817598964/1,thunderduck,m,312,145,5069,3944,2011-01-15 21:39:06,1,1,0,1,http://tp4.sinaimg.cn/1922636115/180/22817598964/1,,23,2012-07-25 10:03:23,0001-01-01 00:00:00,200
1946083193,0.84363712,乖乖湘莲,乖乖湘莲,21,8,辽宁 营口,此博主高三了，去闭关了。。。,http://blog.sina.com.cn/hongyingyue,http://tp2.sinaimg.cn/1946083193/50/5606984176/0,hongyingyue,f,267,97,495,3,2011-02-01 21:30:56,0,1,0,1,http://tp2.sinaimg.cn/1946083193/180/5606984176/0,,53,2012-07-25 10:03:23,0001-01-01 00:00:00,-1
1959204787,0.29449908,煲崽,煲崽,100,1000,其他,傻傻地甘咯,http://hi.baidu.com/blong%5Fown/blog,http://tp4.sinaimg.cn/1959204787/50/5634198944/0,ihaddied,f,320,156,2147,7,2011-02-09 17:52:54,1,1,0,1,http://tp4.sinaimg.cn/1959204787/180/5634198944/0,,34,2012-07-25 10:03:23,0001-01-01 00:00:00,-1
1959399037,0.36212689,___LL-成,___LL-成,44,53,广东 云浮,"求连载中的好体动漫,本人体过海贼,火影,死神,家教,妖尾,猎人,青之驱魔师,滑头鬼之孙，恶魔奶爸，灼眼的夏娜 ，驱魔少年 .静有其他好体的,请@我,谢谢!",http://blog.sina.com.cn/liujiacheng422817555,http://tp2.sinaimg.cn/1959399037/50/5628402747/1,,m,585,162,1606,119,2011-02-09 20:15:24,0,1,0,1,http://tp2.sinaimg.cn/1959399037/180/5628402747/1,,108,2012-07-25 10:03:23,0001-01-01 00:00:00,220
1959441065,0.53386247,Y澜_,Y澜_,100,1000,其他,,http://blog.sina.com.cn/u/1959441065,http://tp2.sinaimg.cn/1959441065/50/5636371745/0,yanglanweibo,f,237,252,1994,1595,2011-02-10 12:56:10,0,1,0,1,http://tp2.sinaimg.cn/1959441065/180/5636371745/0,,27,2012-07-25 10:03:23,0001-01-01 00:00:00,-1
1961569161,0.5351935,边伯贤的培根小姐V,边伯贤的培根小姐V,13,6,河北 保定,白贤明媒正娶同年同月同日同血型身高黄金差的亲夫人，市长是我亲儿子~喜庆君是我小叔子~~~,http://www.douban.com/people/nottetoiles/,http://tp2.sinaimg.cn/1961569161/50/5629943870/0,,f,496,421,3620,1358,2011-02-10 22:08:49,0,1,0,1,http://tp2.sinaimg.cn/1961569161/180/5629943870/0,,39,2012-07-25 10:03:23,0001-01-01 00:00:00,200
1962947045,0.28101771,Li_小妖,Li_小妖,11,5,北京 朝阳区,超爱阿狸?の桃子一枚~,,http://tp2.sinaimg.cn/1962947045/50/5637823373/0,,f,579,465,2630,5,2011-02-11 15:38:09,0,1,0,0,http://tp2.sinaimg.cn/1962947045/180/5637823373/0,,133,2012-07-25 10:03:23,0001-01-01 00:00:00,220
1963673955,0.1558467,背后的刀疤是耻辱,背后的刀疤是耻辱,21,7,辽宁 锦州,电影《局中局》中栗子扮演者、喜欢K歌、喜欢打球、喜欢和好兄弟在一起、喜欢叼着烟做菜、只交孝顺父母之友、,,http://tp4.sinaimg.cn/1963673955/50/5632061844/1,monkeydgaochao,m,319,157,2626,967,2011-02-11 23:34:26,0,1,0,1,http://tp4.sinaimg.cn/1963673955/180/5632061844/1,,36,2012-07-25 10:03:23,0001-01-01 00:00:00,-1
1964377245,0.40488121,BMW族,BMW族,13,4,河北 邯郸,雖然自己不能預知未來 但卻可以感激過去…,http://blog.sina.com.cn/u/1964377245,http://tp2.sinaimg.cn/1964377245/50/5632672057/1,,m,356,206,4936,154,2011-02-12 12:54:20,0,1,0,1,http://tp2.sinaimg.cn/1964377245/180/5632672057/1,,12,2012-07-25 10:03:23,0001-01-01 00:00:00,-1
1964440527,0.1412933,zzz梁梓彬,zzz梁梓彬,44,13,广东 惠州,思考人生中..............,,http://tp4.sinaimg.cn/1964440527/50/5626929851/1,liangzibin,m,224,149,1434,11,2011-02-12 13:28:28,1,1,0,1,http://tp4.sinaimg.cn/1964440527/180/5626929851/1,,106,2012-07-25 10:03:23,0001-01-01 00:00:00,220
1965848484,0.48897331,guai圈圈,guai圈圈,33,2,浙江 宁波,做最简单最真实的自己,http://user.qzone.qq.com/403480747/infocenter,http://tp1.sinaimg.cn/1965848484/50/5631415361/0,,f,49,229,170,0,2011-02-28 14:01:39,0,1,0,1,http://tp1.sinaimg.cn/1965848484/180/5631415361/0,,23,2012-07-25 10:03:23,0001-01-01 00:00:00,-1
1966250441,0.04432576,KatRina_小益,KatRina_小益,45,3,广西 桂林,.·.阳光温热、岁月静好···、你还不来~、我怎敢老去·~、~’ 初情似晴、,,http://tp2.sinaimg.cn/1966250441/50/39996939357/0,chloe1213,f,285,636,2406,3,2011-02-13 13:02:15,0,1,0,0,http://tp2.sinaimg.cn/1966250441/180/39996939357/0,,74,2012-07-25 10:03:23,0001-01-01 00:00:00,220
1966406603,0.92263457,BoO-OoB,BoO-OoB,44,20,广东 中山,,http://blog.sina.com.cn/u/1966406603,http://tp4.sinaimg.cn/1966406603/50/5611797836/1,,m,349,298,1415,5,2011-02-13 13:59:58,0,1,0,1,http://tp4.sinaimg.cn/1966406603/180/5611797836/1,,114,2012-07-25 10:03:23,0001-01-01 00:00:00,-1
1967514507,0.69282741,醉了-夜空添一分淒迷,醉了-夜空添一分淒迷,31,1000,上海,,,http://tp4.sinaimg.cn/1967514507/50/1297611647/0,,f,244,356,1491,13,2011-02-13 23:08:07,0,1,0,1,http://tp4.sinaimg.cn/1967514507/180/1297611647/0,,81,2012-07-25 10:03:23,0001-01-01 00:00:00,-1
1967646317,0.79184799,尐強茼學,尐強茼學,44,7,广东 江门,将身边瞬间的美丽变成永恒，对！我只是一名正在学摄影，玩单反噶狮子男一名！是也~,http://blog.sina.com.cn/u/1967646317,http://tp2.sinaimg.cn/1967646317/50/39997662132/1,,m,351,406,1527,34,2011-02-14 01:01:04,0,1,0,0,http://tp2.sinaimg.cn/1967646317/180/39997662132/1,,312,2012-07-25 10:03:23,0001-01-01 00:00:00,220
1969769537,0.29414444,埃及艳后的面纱,埃及艳后的面纱,50,4,重庆 大渡口区,我的微博宗旨：“把经典发扬光大！”,http://t.sina.com.cn/setting,http://tp2.sinaimg.cn/1969769537/50/5603983709/0,,f,394,324,1487,0,2011-02-17 08:11:40,1,1,0,1,http://tp2.sinaimg.cn/1969769537/180/5603983709/0,,271,2012-07-25 10:03:23,0001-01-01 00:00:00,-1
1970044311,0.4932274,缱绻狐狸,缱绻狐狸,33,6,浙江 绍兴,一只想要泡在咖啡里缱绻的小狐狸！,,http://tp4.sinaimg.cn/1970044311/50/5625903451/0,lanlanatsx,f,230,211,1723,264,2011-02-15 11:23:18,0,1,0,1,http://tp4.sinaimg.cn/1970044311/180/5625903451/0,,46,2012-07-25 10:03:23,0001-01-01 00:00:00,-1
1974355323,0.16336688,QIANCHUI-,QIANCHUI-,35,7,福建 南平,有朝一日倾权在手　杀尽天下负我之狗,,http://tp4.sinaimg.cn/1974355323/50/5636260250/0,cylx520,f,601,191,4045,163,2011-02-17 15:05:16,0,1,0,1,http://tp4.sinaimg.cn/1974355323/180/5636260250/0,,168,2012-07-25 10:03:23,0001-01-01 00:00:00,220
1974925663,0.03397678,V-良民,V-良民,37,6,山东 烟台,,,http://tp4.sinaimg.cn/1974925663/50/22816939839/0,,f,85,96,2030,207,2011-02-17 21:31:50,0,1,0,1,http://tp4.sinaimg.cn/1974925663/180/22816939839/0,,10,2012-07-25 10:03:23,0001-01-01 00:00:00,-1
1976865223,0.63911104,Godfrey-Z,Godfrey-Z,44,1,广东 广州,"Dear God, I don`t wanna get anything from you, just give me a chance to fight for it.",,http://tp4.sinaimg.cn/1976865223/50/5612273873/1,godfreyzz,m,253,146,3755,203,2011-02-18 21:16:21,0,1,0,1,http://tp4.sinaimg.cn/1976865223/180/5612273873/1,,104,2012-07-25 10:03:23,0001-01-01 00:00:00,220
1977077120,0.41475422,风的随想2011,风的随想2011,37,14,山东 德州,凝望着苍白的月色，任其洒落在惆怅的脸庞。扬起似笑的嘴角，或是自嘲，或是可笑。又何必太在乎得不到的温柔,,http://tp1.sinaimg.cn/1977077120/50/5627601636/0,,f,172,822,1475,0,2011-12-30 18:08:20,0,1,0,1,http://tp1.sinaimg.cn/1977077120/180/5627601636/0,,34,2012-07-25 10:03:23,0001-01-01 00:00:00,220
1977109263,0.92354231,-陈祥,-陈祥,33,3,浙江 温州,我们这个时代的人，情绪变得很多，感觉变得很少。心思变得很复杂，行为变得很单一。脑容量变得越来越大，使用区域区域变得越来越小…,,http://tp4.sinaimg.cn/1977109263/50/5614073429/0,chenxianganai,f,417,37,1579,37,2011-02-19 00:06:35,0,1,0,1,http://tp4.sinaimg.cn/1977109263/180/5614073429/0,,28,2012-07-25 10:03:23,0001-01-01 00:00:00,-1
1994139691,0.81714426,谢杰文-,谢杰文-,44,6,广东 佛山,这个世界在你脚下,,http://tp4.sinaimg.cn/1994139691/50/22816758406/1,xjwancky,m,180,174,326,20,2011-02-26 20:54:26,0,1,0,1,http://tp4.sinaimg.cn/1994139691/180/22816758406/1,,119,2012-07-18 19:15:09,0001-01-01 00:00:00,220
2010031503,0.69796721,R_雀哥请给我扇扇风,R_雀哥请给我扇扇风,31,1000,上海,rinako·M·G通称R。懒拖渣P站648871。银妈 APH DGM N+C等。忠犬命。常在个人世界游荡 与现世不间断脱节 脑沟结构异常。芥末话痨各路求GD。互fo凭感觉。,http://blog.hjenglish.com/rinako,http://tp4.sinaimg.cn/2010031503/50/5627617769/0,rinaposter,f,168,309,6356,19,2011-05-10 19:58:39,1,1,0,1,http://tp4.sinaimg.cn/2010031503/180/5627617769/0,,96,2012-07-18 19:15:09,0001-01-01 00:00:00,-1
2090751901,0.41961918,继续花园,继续花园,51,19,四川 巴中,,,http://tp2.sinaimg.cn/2090751901/50/5632051309/0,,f,8,29,9,0,2011-04-16 16:56:49,0,1,0,1,http://tp2.sinaimg.cn/2090751901/180/5632051309/0,,1,2012-07-25 10:03:23,0001-01-01 00:00:00,-1
2097513722,0.4093554,星空下的轻风,星空下的轻风,44,52,广东 揭阳,,,http://tp3.sinaimg.cn/2097513722/50/5597568854/0,,f,34,213,153,3,2011-04-11 21:43:04,0,1,0,1,http://tp3.sinaimg.cn/2097513722/180/5597568854/0,,21,2012-07-18 19:15:07,0001-01-01 00:00:00,-1
2129632671,0.55069869,快乐的橙子MIKAN,快乐的橙子MIKAN,35,1000,福建,90后,,http://tp4.sinaimg.cn/2129632671/50/5628779605/0,,f,136,218,1152,53,2011-05-11 23:13:32,0,1,0,1,http://tp4.sinaimg.cn/2129632671/180/5628779605/0,,26,2012-07-18 19:15:09,0001-01-01 00:00:00,-1
2129990353,0.2959952,越来越胖的自游自哉,越来越胖的自游自哉,31,1000,上海,红黑之心,,http://tp2.sinaimg.cn/2129990353/50/5628760045/1,nemonndd,m,489,506,1559,45,2011-05-12 15:14:13,0,1,0,1,http://tp2.sinaimg.cn/2129990353/180/5628760045/1,,181,2012-07-18 19:15:09,0001-01-01 00:00:00,-1
2129990764,0.16581414,余晓山又要减肥了,余晓山又要减肥了,11,1000,北京,嗷嗷党 胖子,,http://tp1.sinaimg.cn/2129990764/50/5632188067/0,,f,662,248,3135,908,2011-05-03 16:53:07,0,0,0,0,http://tp1.sinaimg.cn/2129990764/180/5632188067/0,,68,2012-07-18 19:15:09,0001-01-01 00:00:00,-1
2134229227,0.02981475,Linda8794,Linda8794,44,1,广东 广州,happy as me,http://blog.sina.com.cn/u/2134229227,http://tp4.sinaimg.cn/2134229227/50/39996336017/0,,f,134,88,2116,736,2011-05-14 15:13:54,0,1,0,0,http://tp4.sinaimg.cn/2134229227/180/39996336017/0,,26,2012-07-18 19:15:09,0001-01-01 00:00:00,-1
2135707182,0.48520768,林艺林,林艺林,44,52,广东 揭阳,,,http://tp3.sinaimg.cn/2135707182/50/5633669069/1,,m,861,688,1296,388,2011-05-07 08:03:03,0,1,0,1,http://tp3.sinaimg.cn/2135707182/180/5633669069/1,,436,2012-07-18 19:15:09,0001-01-01 00:00:00,-1
2136562515,0.48221963,狮子牌的兔啊,狮子牌的兔啊,11,1000,北京,要守财守财守住财，乱七八糟买你妹啊，要买就买不动产！,http://blog.sina.com.cn/leotua,http://tp4.sinaimg.cn/2136562515/50/5601473056/0,leotua,f,769,434,3644,710,2011-05-15 23:08:31,0,0,0,1,http://tp4.sinaimg.cn/2136562515/180/5601473056/0,,100,2012-07-18 19:15:09,0001-01-01 00:00:00,220
2140425093,0.03243033,薇薇可人2011,薇薇可人2011,11,1000,北京,,,http://tp2.sinaimg.cn/2140425093/50/5601439205/0,,f,79,44,988,620,2011-05-27 12:30:19,0,0,0,0,http://tp2.sinaimg.cn/2140425093/180/5601439205/0,,18,2012-07-18 19:15:09,0001-01-01 00:00:00,-1
2142385860,0.81561101,袁家航啊袁家航,袁家航啊袁家航,44,19,广东 东莞,对不起…,http://yyy_hh_blog.163.com,http://tp1.sinaimg.cn/2142385860/50/5619881408/1,,m,532,242,582,2,2011-05-08 14:04:39,1,1,0,1,http://tp1.sinaimg.cn/2142385860/180/5619881408/1,,210,2012-07-18 19:15:09,0001-01-01 00:00:00,220
2146571283,0.69996123,禅去緾来,禅去緾来,44,51,广东 潮州,人可以不学无术，但不可以不博 \(^o^)/~,,http://tp4.sinaimg.cn/2146571283/50/5606923823/1,,m,111,360,1606,4,2011-05-26 23:02:26,1,1,0,1,http://tp4.sinaimg.cn/2146571283/180/5606923823/1,,52,2012-07-18 19:15:09,0001-01-01 00:00:00,-1
2148317604,0.29378388,阿暖熬暑假,阿暖熬暑假,53,1,云南 昆明,本命不鬼 真爱鲛子 同人绘画 满怀LOVE 小足球感冒中,,http://tp1.sinaimg.cn/2148317604/50/39997117941/0,,f,236,342,6042,0,2011-05-28 21:06:04,0,1,0,1,http://tp1.sinaimg.cn/2148317604/180/39997117941/0,,153,2012-07-18 19:15:09,0001-01-01 00:00:00,-1
2150954803,0.29694909,_甘露水,_甘露水,11,5,北京 朝阳区,稽首慈云大士前，不升净土不升天。愿为一滴甘露水，洒向人间并蒂莲。,http://blog.sina.com.cn/u/2150954803,http://tp4.sinaimg.cn/2150954803/50/5613104090/0,,f,10407,220,1676,8,2011-05-27 23:43:28,0,1,0,1,http://tp4.sinaimg.cn/2150954803/180/5613104090/0,,139,2012-07-18 19:15:09,0001-01-01 00:00:00,220
2157669207,0.41778965,阿拉蕾_小姐,阿拉蕾_小姐,33,2,浙江 宁波,本人女，爱好女。 心不动，则不痛。,,http://tp4.sinaimg.cn/2157669207/50/5636632049/0,loveprincesscat,f,2149,680,1685,0,2011-06-01 10:19:37,0,1,0,1,http://tp4.sinaimg.cn/2157669207/180/5636632049/0,,412,2012-07-18 19:15:09,0001-01-01 00:00:00,220
2161617500,0.41982814,d__o,d__o,44,3,广东 深圳,,,http://tp1.sinaimg.cn/2161617500/50/5626838962/1,,m,50,84,0,10,2011-06-06 18:48:51,0,1,0,1,http://tp1.sinaimg.cn/2161617500/180/5626838962/1,,35,2012-07-25 10:03:23,0001-01-01 00:00:00,-1
2162870664,0.16369698,小小俊v,小小俊v,50,2,重庆 涪陵区,每天的思恋，踮起脚尖想你。,,http://tp1.sinaimg.cn/2162870664/50/5632134559/1,,m,684,765,1305,5,2011-06-07 14:26:18,0,1,0,1,http://tp1.sinaimg.cn/2162870664/180/5632134559/1,,439,2012-07-25 10:03:23,0001-01-01 00:00:00,220
2169058391,0.84372142,天使守在这里,天使守在这里,13,2,河北 唐山,,,http://tp4.sinaimg.cn/2169058391/50/0/0,,f,5,25,10,0,2012-05-06 22:14:42,0,1,0,1,http://tp4.sinaimg.cn/2169058391/180/0/0,,0,2012-07-25 10:03:23,0001-01-01 00:00:00,-1
2178469493,0.90630582,朴旧Uu,朴旧Uu,15,4,内蒙古 赤峰,张和杰都是我喜欢的字 可这两个字却偏偏组成了你的名字,,http://tp2.sinaimg.cn/2178469493/50/5622108505/0,,f,406,97,295,90,2011-06-14 13:40:47,0,1,0,1,http://tp2.sinaimg.cn/2178469493/180/5622108505/0,,22,2012-07-25 10:03:23,0001-01-01 00:00:00,-1
2198368013,0.54321875,瑣碎的瑈情,瑣碎的瑈情,44,18,广东 清远,人生为棋，我愿为卒，行动虽慢，可谁见我都会后退一步,,http://tp2.sinaimg.cn/2198368013/50/5625113912/1,,m,87,171,220,1,2011-06-25 09:50:42,0,1,0,1,http://tp2.sinaimg.cn/2198368013/180/5625113912/1,,72,2012-07-25 10:03:23,0001-01-01 00:00:00,-1
2217621674,0.42611028,5uPeR--JiAN,5uPeR--JiAN,44,3,广东 深圳,够MAN....刚柔兼备,http://weibo.com/2217621674,http://tp3.sinaimg.cn/2217621674/50/5635484454/1,,m,711,418,3058,101,2011-07-05 23:01:54,1,1,0,1,http://tp3.sinaimg.cn/2217621674/180/5635484454/1,,349,2012-07-18 19:15:08,0001-01-01 00:00:00,220
2218476002,0.83691601,吃貨SheTingYao,吃貨SheTingYao,51,9,四川 遂宁,让我们回到以前那个追逐夢与理想的日子!,http://blog.sina.com.cn/u/2218476002,http://tp3.sinaimg.cn/2218476002/50/39997047404/0,,f,145,83,975,21,2011-07-06 11:19:10,1,1,0,1,http://tp3.sinaimg.cn/2218476002/180/39997047404/0,,27,2012-07-18 19:15:09,0001-01-01 00:00:00,-1
2230208617,0.73463629,王一妍Lucy,王一妍Lucy,12,6,天津 红桥区,有没有这样一个人，拉着我的手告诉我，要一辈子守护我。,,http://tp2.sinaimg.cn/2230208617/50/5606282410/0,,f,595,858,1379,1,2011-07-06 15:24:38,0,1,0,1,http://tp2.sinaimg.cn/2230208617/180/5606282410/0,,560,2012-07-18 19:15:08,0001-01-01 00:00:00,220
2237421540,0.53852112,kingsley__邓东达,kingsley__邓东达,44,2,广东 韶关,有她的地方才是我的家,,http://tp1.sinaimg.cn/2237421540/50/5608827471/1,,m,523,369,2278,36,2011-07-10 12:16:56,0,1,0,1,http://tp1.sinaimg.cn/2237421540/180/5608827471/1,,295,2012-07-18 19:15:08,0001-01-01 00:00:00,220
2255762280,0.53778003,ding_xie,ding_xie,32,5,江苏 苏州,,http://weibo.com/2255762280,http://tp1.sinaimg.cn/2255762280/50/5608102571/1,,m,55,140,443,1,2011-08-02 10:25:54,0,1,0,1,http://tp1.sinaimg.cn/2255762280/180/5608102571/1,,23,2012-07-18 19:15:09,0001-01-01 00:00:00,-1
2278479700,0.41218265,Vitality_eternally,Vitality_eternally,31,4,上海 徐汇区,相逢只一笑，明日又天涯。,,http://tp1.sinaimg.cn/2278479700/50/5636174671/0,,f,186,378,1111,36,2011-07-31 13:39:46,0,1,0,1,http://tp1.sinaimg.cn/2278479700/180/5636174671/0,,101,2012-07-25 10:03:23,0001-01-01 00:00:00,-1
2291420744,0.34680182,tea-eegggg,tea-eegggg,31,15,上海 浦东新区,,,http://tp1.sinaimg.cn/2291420744/50/5634888510/0,teaeegggg,f,116,379,366,110,2011-08-06 22:37:04,0,1,0,1,http://tp1.sinaimg.cn/2291420744/180/5634888510/0,,109,2012-07-25 10:03:23,0001-01-01 00:00:00,-1
2300980167,0.6290847,小邻居一定会考上桂林医学院,小邻居一定会考上桂林医学院,45,3,广西 桂林,水滴石穿，精诚所至，越努力，越幸运!为梦想的实现积攒幸运的力量!!!,http://blog.sina.com.cn/u/2300980167,http://tp4.sinaimg.cn/2300980167/50/39997247400/0,,f,803,105,7038,148,2011-08-13 15:04:59,0,0,0,0,http://tp4.sinaimg.cn/2300980167/180/39997247400/0,,44,2012-07-25 10:03:23,0001-01-01 00:00:00,220
2343067740,0.81676862,陈小贱的菜,陈小贱的菜,53,25,云南 红河,,,http://tp1.sinaimg.cn/2343067740/50/5612017752/1,,m,678,91,936,1,2011-08-26 00:21:16,0,1,0,1,http://tp1.sinaimg.cn/2343067740/180/5612017752/1,,20,2012-07-25 10:03:23,0001-01-01 00:00:00,200
2343083873,0.16483407,我就是爱米莉,我就是爱米莉,400,2,海外 英国,我愛安靜，我愛笑。時而快樂，時而憂傷。我就是那個我，和黛玉相似，卻又有所不同的琳妹妹~,,http://tp2.sinaimg.cn/2343083873/50/5636629007/0,,f,89,223,4098,125,2011-09-05 06:30:06,0,1,0,1,http://tp2.sinaimg.cn/2343083873/180/5636629007/0,,43,2012-07-25 10:03:23,0001-01-01 00:00:00,-1
2343983253,0.49081075,jwangkun,jwangkun,21,6,辽宁 丹东,我和她,http://jwangkun.diandian.com,http://tp2.sinaimg.cn/2343983253/50/5610867726/1,jwangkun,m,147,230,1267,1,2011-09-05 18:39:41,0,1,0,1,http://tp2.sinaimg.cn/2343983253/180/5610867726/1,,16,2012-07-25 10:03:23,0001-01-01 00:00:00,-1
2345519893,0.49084862,zheng洁环,zheng洁环,44,52,广东 揭阳,人又何须为难人 为难别人的时候别人也在为难你,http://you.video.sina.com.cn/m/2345519893,http://tp2.sinaimg.cn/2345519893/50/5631523970/0,,f,327,169,922,8,2011-09-06 13:32:49,0,1,0,1,http://tp2.sinaimg.cn/2345519893/180/5631523970/0,,156,2012-07-25 10:03:23,0001-01-01 00:00:00,220
2346048577,0.55067845,活在剧情中的我,活在剧情中的我,42,1,湖北 武汉,这一次，我想在剧情中复活。早安，梦想～,,http://tp2.sinaimg.cn/2346048577/50/5619345736/0,,f,243,273,1603,164,2011-09-06 20:35:06,0,1,0,1,http://tp2.sinaimg.cn/2346048577/180/5619345736/0,,25,2012-07-25 10:03:23,0001-01-01 00:00:00,-1
2346539084,0.4262282,我不愿这样平淡一生,我不愿这样平淡一生,32,3,江苏 徐州,来不及等待、迫不及待地去实现每一个梦,,http://tp1.sinaimg.cn/2346539084/50/5637421029/0,,f,160,254,986,95,2011-08-27 00:03:48,0,1,0,1,http://tp1.sinaimg.cn/2346539084/180/5637421029/0,,25,2012-07-25 10:03:23,0001-01-01 00:00:00,-1
2349101733,0.69345278,茶学昱,茶学昱,42,1,湖北 武汉,毒，德味，大师，学习了！,,http://tp2.sinaimg.cn/2349101733/50/5610453275/1,cxyu2010,m,264,271,1666,9,2011-09-08 20:40:39,0,1,0,1,http://tp2.sinaimg.cn/2349101733/180/5610453275/1,,120,2012-07-25 10:03:23,0001-01-01 00:00:00,220
2349441685,0.79320259,犀羲熙兮,犀羲熙兮,64,1,宁夏 银川,,,http://tp2.sinaimg.cn/2349441685/50/5610638372/0,,f,72,454,2316,4,2011-09-09 12:58:55,0,1,0,1,http://tp2.sinaimg.cn/2349441685/180/5610638372/0,,14,2012-07-25 10:03:23,0001-01-01 00:00:00,-1
2349503462,0.79313845,love--tonight,love--tonight,35,1,福建 福州,"You cannot improve your past, but you can improve your future. Once time is wasted, life is wasted.",,http://tp3.sinaimg.cn/2349503462/50/5609416607/1,yanarchitecture,m,245,149,2377,46,2011-08-27 20:41:38,0,1,0,1,http://tp3.sinaimg.cn/2349503462/180/5609416607/1,,41,2012-07-25 10:03:23,0001-01-01 00:00:00,-1
2349645644,0.47757191,MIUI-寂寞_喽啰,MIUI-寂寞_喽啰,100,1000,其他,伪技术男，数码控，手机控，屌丝,http://weibo.com/023ydxxl,http://tp1.sinaimg.cn/2349645644/50/5629425225/1,023ydxxl,m,682,226,2119,12,2011-08-27 21:05:51,0,1,0,1,http://tp1.sinaimg.cn/2349645644/180/5629425225/1,,84,2012-07-25 10:03:23,0001-01-01 00:00:00,220
2352553407,0.63524912,林壮英,林壮英,44,1,广东 广州,我不配,,http://tp4.sinaimg.cn/2352553407/50/5632530874/0,,f,566,458,300,193,2011-09-10 21:20:41,0,1,0,1,http://tp4.sinaimg.cn/2352553407/180/5632530874/0,,439,2012-07-25 10:03:23,0001-01-01 00:00:00,220
2353417965,0.90510588,萱嬷嬷,萱嬷嬷,23,11,黑龙江 黑河,,,http://tp2.sinaimg.cn/2353417965/50/5610713270/0,,f,177,309,3336,3,2011-09-11 20:54:32,0,1,0,1,http://tp2.sinaimg.cn/2353417965/180/5610713270/0,,131,2012-07-25 10:03:24,0001-01-01 00:00:00,220
2355443474,0.90817871,杨小力ee,杨小力ee,34,1,安徽 合肥,,,http://tp3.sinaimg.cn/2355443474/50/5610423955/1,,m,193,101,1913,1466,2011-08-29 15:28:38,0,1,0,1,http://tp3.sinaimg.cn/2355443474/180/5610423955/1,,13,2012-07-25 10:03:24,0001-01-01 00:00:00,-1
2355868555,0.41463132,咸鱼翻身还是条鱼,咸鱼翻身还是条鱼,31,17,上海 松江区,"一个人,一段事,一句感悟,一生追求.",,http://tp4.sinaimg.cn/2355868555/50/5610866255/1,,m,182,247,1554,35,2011-09-13 15:23:56,0,1,0,1,http://tp4.sinaimg.cn/2355868555/180/5610866255/1,,41,2012-07-25 10:03:24,0001-01-01 00:00:00,-1
2363769444,0.14353152,enjoy流光岁月,enjoy流光岁月,13,6,河北 保定,,,http://tp1.sinaimg.cn/2363769444/50/5609771231/0,,f,74,37,854,3,2011-08-31 22:58:48,0,1,0,1,http://tp1.sinaimg.cn/2363769444/180/5609771231/0,,8,2012-07-25 10:03:24,0001-01-01 00:00:00,-1
2365240425,0.63422176,强势回归-岳,强势回归-岳,44,1000,广东,我不能给你任何诺言，因为我知道我们还太年轻,,http://tp2.sinaimg.cn/2365240425/50/5634374464/1,,m,340,95,1331,50,2011-09-17 20:44:31,0,1,0,0,http://tp2.sinaimg.cn/2365240425/180/5634374464/1,,79,2012-07-25 10:03:24,0001-01-01 00:00:00,220
2366021281,0.90544986,8090的-后驱,8090的-后驱,44,1,广东 广州,爱汽车^_^爱手机^O^Brother is only a legend O(∩_∩)O哈哈~,,http://tp2.sinaimg.cn/2366021281/50/5620313082/1,,m,270,210,3455,89,2011-09-18 10:23:08,0,1,0,1,http://tp2.sinaimg.cn/2366021281/180/5620313082/1,,28,2012-07-25 10:03:24,0001-01-01 00:00:00,-1
2366087022,0.18470247,GAGA要弓虽,GAGA要弓虽,44,7,广东 江门,热爱lady gaga  并重口味,,http://tp3.sinaimg.cn/2366087022/50/22817846226/1,,m,251,627,1574,198,2011-09-01 21:24:08,0,1,0,1,http://tp3.sinaimg.cn/2366087022/180/22817846226/1,,76,2012-07-25 10:03:24,0001-01-01 00:00:00,-1
2366537431,0.541012,LLN-不想面對這不公平的世界,LLN-不想面對這不公平的世界,35,2,福建 厦门,90后的TC，08届湖滨中学6班，11届三中G一7班,http://blog.xmnn.cn/?lln1023,http://tp4.sinaimg.cn/2366537431/50/39997202856/0,,f,132,263,705,1,2011-09-18 13:38:58,0,1,0,0,http://tp4.sinaimg.cn/2366537431/180/39997202856/0,,41,2012-07-25 10:03:24,0001-01-01 00:00:00,-1
2368944164,0.27874869,看破红尘的小女子iiii,看破红尘的小女子iiii,21,2,辽宁 大连,喜欢浪漫又有一点点小调皮,,http://tp1.sinaimg.cn/2368944164/50/5609982779/0,,f,118,580,2159,247,2011-09-03 09:55:24,0,1,0,1,http://tp1.sinaimg.cn/2368944164/180/5609982779/0,,88,2012-07-25 10:03:24,0001-01-01 00:00:00,-1
2378046410,0.41542112,芬达芬达芬达fuck,芬达芬达芬达fuck,44,5,广东 汕头,人称奶妈,,http://tp3.sinaimg.cn/2378046410/50/5631121408/1,,m,49,37,141,1,2011-09-07 20:02:10,0,1,0,1,http://tp3.sinaimg.cn/2378046410/180/5631121408/1,,20,2012-07-18 19:15:07,0001-01-01 00:00:00,-1
2458458713,0.41039098,周永金叔叔,周永金叔叔,45,1,广西 南宁,服装设计，吃货，大胃王，黑豆先生，宅男,,http://tp2.sinaimg.cn/2458458713/50/5635227562/1,,m,452,303,1024,86,2011-11-11 00:25:07,0,1,0,1,http://tp2.sinaimg.cn/2458458713/180/5635227562/1,,257,2012-07-18 19:15:09,0001-01-01 00:00:00,220
2459218240,0.14209062,爱拍兔小子,爱拍兔小子,31,5,上海 长宁区,胃受伤了,,http://tp1.sinaimg.cn/2459218240/50/5628476978/0,,f,113,898,1939,337,2011-10-10 23:15:23,0,1,0,1,http://tp1.sinaimg.cn/2459218240/180/5628476978/0,,25,2012-07-18 19:15:09,0001-01-01 00:00:00,-1
2462065583,0.41709161,韩骏奇,韩骏奇,35,1,福建 福州,BIT木头,,http://tp4.sinaimg.cn/2462065583/50/5616121297/1,bitcchjq,m,339,366,1729,1,2011-11-13 00:11:20,0,1,0,1,http://tp4.sinaimg.cn/2462065583/180/5616121297/1,,156,2012-07-18 19:15:09,0001-01-01 00:00:00,220
2462142460,0.73646947,小宋宋啊小宋宋,小宋宋啊小宋宋,42,1,湖北 武汉,爱美姐，哇哈哈。,,http://tp1.sinaimg.cn/2462142460/50/5633677453/0,,f,113,85,503,0,2011-10-12 11:05:45,0,1,0,1,http://tp1.sinaimg.cn/2462142460/180/5633677453/0,,35,2012-07-25 10:03:24,0001-01-01 00:00:00,-1
2462573971,0.29128262,Miranda-刘嘉慧,Miranda-刘嘉慧,44,1000,广东,属于自己的终究是自己。,,http://tp4.sinaimg.cn/2462573971/50/5634789088/0,,f,739,289,1565,87,2011-11-13 20:17:33,0,1,0,0,http://tp4.sinaimg.cn/2462573971/180/5634789088/0,,275,2012-07-18 19:15:09,0001-01-01 00:00:00,-1
2462776695,0.54127459,SXM--,SXM--,44,51,广东 潮州,相信，我也会很幸福。,,http://tp4.sinaimg.cn/2462776695/50/5636987605/0,,f,284,395,786,85,2011-11-13 23:07:40,0,1,0,1,http://tp4.sinaimg.cn/2462776695/180/5636987605/0,,197,2012-07-18 19:15:09,0001-01-01 00:00:00,220
2467035402,0.83900362,怑碗詸湯,怑碗詸湯,50,1000,重庆,我如此的执著、执著的认为、你会发现我的存在、执著到悲伤、执著到崩溃、,,http://tp3.sinaimg.cn/2467035402/50/5628482095/1,,m,99,151,1295,12,2011-10-14 16:49:02,1,0,0,1,http://tp3.sinaimg.cn/2467035402/180/5628482095/1,,37,2012-07-18 19:15:09,0001-01-01 00:00:00,-1
2469857070,0.16647288,疗伤治愈ING,疗伤治愈ING,45,9,广西 玉林,关注人数绝不超过912个。~,,http://tp3.sinaimg.cn/2469857070/50/5628604978/0,,f,507,876,1104,47,2011-10-15 19:51:32,0,1,0,0,http://tp3.sinaimg.cn/2469857070/180/5628604978/0,,339,2012-07-18 19:15:09,0001-01-01 00:00:00,220
2472003710,0.41436238,_____Yw,_____Yw,44,1,广东 广州,育才  C2.12【...... 祖祖~~~！.Niki.】,,http://tp3.sinaimg.cn/2472003710/50/5633608591/0,,f,150,282,1907,355,2011-10-16 18:07:20,0,1,0,0,http://tp3.sinaimg.cn/2472003710/180/5633608591/0,,88,2012-07-18 19:15:09,0001-01-01 00:00:00,-1
2474407413,0.54275693,__KimBeom,__KimBeom,32,6,江苏 南通,"??, ? ? ???",http://blog.sina.com.cn/xiaoyun199516,http://tp2.sinaimg.cn/2474407413/50/5636636574/0,xiaoyun199516,f,124,153,1516,113,2011-11-18 18:44:34,0,1,0,1,http://tp2.sinaimg.cn/2474407413/180/5636636574/0,,56,2012-07-18 19:15:09,0001-01-01 00:00:00,200
2478955600,0.30186489,-胡晓婵-,-胡晓婵-,44,5,广东 汕头,让爱我的人继续爱我，恨我的人继续恨我。,,http://tp1.sinaimg.cn/2478955600/50/5626270465/0,,f,153,113,1022,6,2011-10-19 20:47:49,0,1,0,1,http://tp1.sinaimg.cn/2478955600/180/5626270465/0,,87,2012-07-25 10:03:23,0001-01-01 00:00:00,200
2482067805,0.28742881,那些年有一个叫又笨又傻的唐涛,那些年有一个叫又笨又傻的唐涛,44,19,广东 东莞,再动听的话语不如朴实的行动来的实在！,http://blog.sina.com.cn/tang1414253500,http://tp2.sinaimg.cn/2482067805/50/5621044082/1,,m,221,197,1940,110,2011-11-21 15:53:33,0,1,0,1,http://tp2.sinaimg.cn/2482067805/180/5621044082/1,,114,2012-07-18 19:15:09,0001-01-01 00:00:00,220
2488674882,0.64130474,草根宇星,草根宇星,33,1,浙江 杭州,生于草根、长于草根、永远草根！,,http://tp3.sinaimg.cn/2488674882/50/5629636455/0,,f,109,294,1114,342,2011-10-23 19:23:58,0,1,0,1,http://tp3.sinaimg.cn/2488674882/180/5629636455/0,,56,2012-07-18 19:15:09,0001-01-01 00:00:00,-1
2488941367,0.49913329,星星心相印,星星心相印,31,13,上海 宝山区,这就是爱。。。是你，是你让我更相信爱。。杰宝，永远支持你！！！,,http://tp4.sinaimg.cn/2488941367/50/5621344487/0,,f,118,99,882,5,2011-11-24 00:38:14,0,1,0,1,http://tp4.sinaimg.cn/2488941367/180/5621344487/0,,11,2012-07-18 19:15:09,0001-01-01 00:00:00,-1
2490227262,0.64281345,Super_杏仔,Super_杏仔,44,19,广东 东莞,"“不要因为你自己没胃口,而去责怪你的食物”-泰戈尔",,http://tp3.sinaimg.cn/2490227262/50/22816597717/1,23wu,m,86,47,1063,5,2011-10-24 12:27:24,0,1,0,1,http://tp3.sinaimg.cn/2490227262/180/22816597717/1,,42,2012-07-18 19:15:09,0001-01-01 00:00:00,200
2490416984,0.69850722,蓝翘翘,蓝翘翘,22,2,吉林 吉林,药药切克闹，洞次大次洞次大次……,,http://tp1.sinaimg.cn/2490416984/50/5614435127/0,,f,86,160,728,1,2011-10-24 13:55:10,1,1,0,1,http://tp1.sinaimg.cn/2490416984/180/5614435127/0,,81,2012-07-18 19:15:09,0001-01-01 00:00:00,-1
2545157884,0.29454418,五岳微凉_wmw,五岳微凉_wmw,400,1,海外 美国,把酒持劍依天寒 沉淪凡塵數十年 曉風驚醒閒人夢 笑看人間冷與暖,,http://tp1.sinaimg.cn/2545157884/50/5621558656/1,,m,46,129,1769,306,2011-12-29 12:50:45,0,1,0,1,http://tp1.sinaimg.cn/2545157884/180/5621558656/1,,27,2012-07-25 10:03:23,0001-01-01 00:00:00,-1
2576383132,0.2925832,阿瓦达咔哒,阿瓦达咔哒,45,3,广西 桂林,,http://blog.sina.com.cn/u/2576383132,http://tp1.sinaimg.cn/2576383132/50/5628072582/0,,f,24,19,73,0,2011-12-01 12:55:59,0,0,0,1,http://tp1.sinaimg.cn/2576383132/180/5628072582/0,,2,2012-07-25 10:03:23,0001-01-01 00:00:00,-1
2620677653,0.296537,呵呵WSI,呵呵WSI,11,1000,北京,,,http://tp2.sinaimg.cn/2620677653/50/0/1,,m,2,27,0,0,2012-02-17 17:04:48,0,1,0,1,http://tp2.sinaimg.cn/2620677653/180/0/1,,2,2012-07-18 19:15:08,0001-01-01 00:00:00,-1
2629651361,0.64025308,沫陌小七,沫陌小七,35,6,福建 漳州,双鱼座的小女子。,,http://tp2.sinaimg.cn/2629651361/50/5627609576/0,,f,24,29,58,1,2012-02-24 21:51:31,0,1,0,1,http://tp2.sinaimg.cn/2629651361/180/5627609576/0,,15,2012-07-25 10:03:23,0001-01-01 00:00:00,-1
2635286533,0.28933703,苗子boomboomboom,苗子boomboomboom,42,11,湖北 黄冈,游戏，动漫，喵呜，萌，腐，巨蟹，boom,,http://tp2.sinaimg.cn/2635286533/50/5633657294/0,,f,35,138,163,4,2012-02-27 23:05:32,0,1,0,1,http://tp2.sinaimg.cn/2635286533/180/5633657294/0,,23,2012-07-25 10:03:23,0001-01-01 00:00:00,-1
2639729642,0.79318282,巨蟹座左边,巨蟹座左边,100,1000,其他,,,http://tp3.sinaimg.cn/2639729642/50/5627268931/0,,f,8,40,130,0,2011-12-28 21:56:23,0,1,0,1,http://tp3.sinaimg.cn/2639729642/180/5627268931/0,,3,2012-07-25 10:03:23,0001-01-01 00:00:00,-1
2672072367,0.03967154,心理所实验被试招募07,心理所实验被试招募07,11,8,北京 海淀区,中国科学院心理研究所网络实验被试招募微博账号。,,http://tp4.sinaimg.cn/2672072367/50/39997128800/1,,m,8,36,3,0,2012-03-23 13:00:57,0,1,0,1,http://tp4.sinaimg.cn/2672072367/180/39997128800/1,,0,2012-07-18 19:15:08,0001-01-01 00:00:00,-1
2672453721,0.49734632,Fiction-K,Fiction-K,42,1,湖北 武汉,"this is fiction,But not a word of it.",,http://tp2.sinaimg.cn/2672453721/50/39997640375/0,,f,46,52,136,6,2012-03-19 19:42:55,0,1,0,1,http://tp2.sinaimg.cn/2672453721/180/39997640375/0,,29,2012-07-25 10:03:23,0001-01-01 00:00:00,-1
2713230723,0.63050942,道孬孬,道孬孬,15,25,内蒙古 锡林郭勒盟,,,http://tp4.sinaimg.cn/2713230723/50/5630224733/0,,f,24,27,74,4,2012-04-19 17:03:40,0,1,0,1,http://tp4.sinaimg.cn/2713230723/180/5630224733/0,,5,2012-07-25 10:03:23,0001-01-01 00:00:00,-1
2725561413,0.41765179,古丽扎热娅,古丽扎热娅,11,8,北京 海淀区,永远的ictoriya,http://account.weibo.com/set/index,http://tp2.sinaimg.cn/2725561413/50/5635176958/0,,f,63,177,299,294,2012-05-05 21:14:56,0,1,0,1,http://tp2.sinaimg.cn/2725561413/180/5635176958/0,,23,2012-07-25 10:03:23,0001-01-01 00:00:00,-1
2742901720,0.84082379,Diumiedoo_杜咩朵,Diumiedoo_杜咩朵,100,1000,其他,渣渣渣|羊驼|本命云雀恭弥|骸云|灰鸟粉|小提琴中毒中,,http://tp1.sinaimg.cn/2742901720/50/5637967315/0,,f,674,40,4992,46,2012-03-19 13:02:36,0,1,0,0,http://tp1.sinaimg.cn/2742901720/180/5637967315/0,,34,2012-07-25 10:03:23,0001-01-01 00:00:00,-1
2753058677,0.36170062,威尼斯someone,威尼斯someone,100,1000,其他,,,http://tp2.sinaimg.cn/2753058677/50/5635565077/0,,f,8,22,5,1,2012-06-13 09:33:23,1,0,0,0,http://tp2.sinaimg.cn/2753058677/180/5635565077/0,,0,2012-07-25 10:03:23,0001-01-01 00:00:00,-1
2805217084,0.1423278,BL妄想批,BL妄想批,400,1,海外 美国,,,http://tp1.sinaimg.cn/2805217084/50/0/0,,f,2,11,17,6,2012-05-15 18:14:42,0,1,0,1,http://tp1.sinaimg.cn/2805217084/180/0/0,,1,2012-07-25 10:03:23,0001-01-01 00:00:00,-1
2810262254,0.34496369,RR蓉L,RR蓉L,33,1,浙江 杭州,,,http://tp3.sinaimg.cn/2810262254/50/5635493427/0,,f,1,13,0,0,2012-05-22 14:23:41,0,1,0,1,http://tp3.sinaimg.cn/2810262254/180/5635493427/0,,1,2012-07-25 10:03:23,0001-01-01 00:00:00,-1
2845483944,0.48733204,围脖集体照-SCIR,围脖集体照-SCIR,23,1,黑龙江 哈尔滨,挖掘微博社交圈，秀出微博集体照 http://jitizhao.sinaapp.com Made in HIT-SCIR,,http://tp1.sinaimg.cn/2845483944/50/5635579181/1,jitizhao,m,84,113,27,0,2012-06-23 20:00:00,0,1,0,1,http://tp1.sinaimg.cn/2845483944/180/5635579181/1,,36,2012-07-25 10:03:23,0001-01-01 00:00:00,-1

